3fb100b,Romeo Mcdonald,2025-03-19,update
f8f71cb,Romeo Mcdonald,2025-03-12,update
91a4dbf,Romeo Mcdonald,2025-03-11,update
7780fe2,Romeo Mcdonald,2025-03-11,update
f2be23e,Romeo Mcdonald,2025-03-10,upadte
34e2c55,Romeo Mcdonald,2025-03-10,update
1e02397,Romeo Mcdonald,2025-02-25,update
aab7a0f,Romeo Mcdonald,2025-02-25,update
de768df,Romeo Mcdonald,2025-02-25,update
ac55e45,Romeo Mcdonald,2025-02-25,update
d214216,Romeo Mcdonald,2025-02-25,updated
234bf9b,Romeo Mcdonald,2025-02-24,update
6efa56f,Romeo Mcdonald,2025-02-24,update
1757b6b,Romeo Mcdonald,2025-02-24,update
c655520,Romeo Mcdonald,2025-02-19,update
f8fa519,Romeo Mcdonald,2025-02-18,update
dbd06e5,Romeo Mcdonald,2025-02-17,update
68e33ad,Romeo Mcdonald,2025-02-17,update
fa39262,Romeo Mcdonald,2025-02-16,update
9fba3d7,Romeo Mcdonald,2025-02-16,update
f66daa2,Romeo Mcdonald,2025-02-13,update
bdc2b51,Romeo Mcdonald,2025-02-13,sorted classes out
b63c003,Romeo Mcdonald,2025-02-13,added characters
168fe9d,Romeo Mcdonald,2025-02-11,update
affb636,Romeo Mcdonald,2025-02-11,update
745f61d,Romeo Mcdonald,2025-02-06,update
d340f99,Romeo Mcdonald,2025-02-06,update
bd17ebf,Romeo Mcdonald,2025-02-06,update
472c589,Romeo Mcdonald,2025-02-06,update
9d5ae2e,Romeo Mcdonald,2025-02-05,update
c2c8f9a,Romeo Mcdonald,2025-02-05,update
30082ce,Romeo Mcdonald,2025-02-05,update
46695f4,Romeo Mcdonald,2025-02-04,update
3b50592,Romeo Mcdonald,2025-02-04,update
476efce,Romeo Mcdonald,2025-02-04,updated
c29e51b,Romeo Mcdonald,2025-02-03,update
fce45cc,Romeo Mcdonald,2025-02-03,update
e0bc1aa,Romeo Mcdonald,2025-01-29,update
1f16485,Romeo Mcdonald,2025-01-29,update
60cd3ae,Romeo Mcdonald,2025-01-29,update
c721943,Romeo Mcdonald,2025-01-28,update
4a23799,Romeo Mcdonald,2025-01-28,Initial commit